{"cameraMode":{"drawMode":0,"name":"Shaded","section":"Shading Mode"},"sceneLighting":true,"audioPlay":false,"sceneViewState":{"m_AlwaysRefresh":false,"showFog":true,"showSkybox":true,"showFlares":true,"showImageEffects":true,"showParticleSystems":true,"showVisualEffectGraphs":true,"m_FxEnabled":true},"in2DMode":false,"pivot":{"x":1.2473067045211793,"y":1.5343860387802125,"z":-0.8760082721710205},"rotation":{"x":0.1505679339170456,"y":0.5360824465751648,"z":-0.09798458218574524,"w":0.8249175548553467},"size":0.5845939517021179,"orthographic":false}